text,user_pk,chat_pk
"Non quis duis cupidatat, laboris voluptate eiusmod labore do esse.",9,1
Culpa esse et in enim sunt.,27,6
Do laborum velit culpa.,11,9
Qui excepteur id voluptate deserunt est cupidatat ea.,15,2
Veniam aute laboris nulla aliqua lorem.,13,6
Adipiscing sint ut eu ad occaecat fugiat.,25,6
Mollit officia sunt dolore velit.,24,2
Qui consectetur voluptate velit eiusmod.,5,6
Sit sunt esse eiusmod pariatur.,14,7
Ut voluptate aliqua exercitation.,11,6
Deserunt occaecat cupidatat irure esse do sed dolore.,17,6
"Commodo anim incididunt enim cupidatat ullamco labore, ex laborum culpa nulla lorem est quis, amet nostrud duis elit et officia eiusmod sunt.",3,9
"Minim nostrud cillum ipsum, do incididunt non commodo id veniam, dolore irure tempor ut.",2,8
"Lorem exercitation et ullamco id, irure ut ex dolore quis non occaecat eu, nisi aliquip laboris pariatur commodo fugiat sint.",2,3
Consectetur tempor aliqua reprehenderit.,30,4
Eu anim enim quis officia laboris.,22,6
Exercitation et cupidatat magna cillum id.,1,2
Do reprehenderit sed dolore elit ea laborum anim.,18,4
Ad nisi aliquip irure incididunt adipiscing.,2,6
Culpa cupidatat officia ullamco.,19,7
Id esse excepteur est laboris non aute in.,13,9
"Sit qui duis fugiat nisi commodo anim proident, culpa exercitation tempor dolore laborum esse.",7,9
Commodo adipiscing ex cillum dolor.,5,10
"Fugiat elit quis esse, enim ullamco aliquip do mollit ea.",2,7
"Duis sit deserunt incididunt mollit officia, aliqua ad esse dolor.",12,8
"Mollit ullamco consectetur magna, proident in culpa minim laboris irure ex.",14,1
"Proident enim sint eiusmod et, mollit nulla non esse laborum occaecat aliqua commodo, excepteur nisi est cillum exercitation dolore consectetur sit.",16,2
Quis mollit incididunt occaecat lorem esse ut proident.,23,5
Proident est officia id exercitation.,27,3
"Culpa amet voluptate aliquip excepteur non sint, ipsum minim nulla aute.",17,8
Exercitation officia aliquip labore aute.,10,1
"Exercitation enim deserunt pariatur, duis id anim incididunt eu dolor aliquip aliqua, labore ullamco cillum nisi sit ea.",2,5
Cillum tempor lorem duis elit est.,26,2
Cillum nulla aliqua non duis sed.,3,7
Occaecat proident ad aliqua lorem ut nostrud dolore.,3,3
"Nulla consectetur ut culpa deserunt qui duis aliquip, reprehenderit nostrud amet ea cillum adipiscing veniam elit.",12,8
Non laborum esse officia.,12,1
"Minim laboris exercitation dolor, aliqua aliquip dolore esse aute.",18,9
Cupidatat laboris magna consectetur.,17,9
Elit id pariatur tempor incididunt.,28,5
Enim in reprehenderit ea sed et eu.,7,10
"Consequat mollit ad eu magna, labore reprehenderit velit amet tempor.",11,5
Et aliquip excepteur dolore.,27,3
"Reprehenderit irure ea elit duis, amet dolore tempor nisi sunt veniam, cillum do labore excepteur est et.",12,6
Excepteur esse duis non pariatur sit.,25,10
Incididunt sed reprehenderit do cillum fugiat velit.,21,10
Consequat tempor sunt sit magna culpa.,24,7
"Consectetur in fugiat anim culpa nulla, aute laboris magna commodo proident reprehenderit enim officia.",13,1
Nostrud et sint eiusmod qui voluptate eu.,4,1
Ex sed sint exercitation commodo consequat.,28,6
"Reprehenderit minim commodo enim aliqua, sed aute deserunt veniam velit cillum lorem.",24,6
Occaecat nulla nisi eiusmod do enim.,12,1
In eu tempor ut ipsum.,5,4
Fugiat magna id occaecat.,7,8
Ad proident ut tempor lorem aute et.,23,6
"Dolor sunt minim enim consectetur officia duis, laborum sint cillum aliqua culpa.",11,6
Fugiat ut sit quis.,21,1
Laboris proident consectetur est eu dolor pariatur.,14,3
"Cupidatat in esse et, sit proident lorem ad laborum ut reprehenderit ea, cillum sint commodo anim.",1,1
Commodo do ex enim aliquip consequat.,23,10
Velit adipiscing quis nisi ex ipsum.,4,3
"Amet sed excepteur irure lorem reprehenderit enim, occaecat velit sint adipiscing mollit.",17,6
"Ex esse exercitation non in, veniam eiusmod dolor laboris nisi velit.",2,6
"In fugiat elit do dolore est, velit commodo id anim.",21,8
"Est ex magna nulla, tempor sit labore eu cillum exercitation ad.",3,9
Amet ea sint proident ut laborum labore aute.,9,4
"Ad reprehenderit do anim, ullamco magna non laborum sint elit.",22,5
Deserunt sit do consequat incididunt est laborum cupidatat.,20,4
Cillum laborum enim anim deserunt incididunt ullamco.,22,6
Ut quis nostrud cillum velit occaecat in aute.,6,3
Dolore irure cillum fugiat amet pariatur occaecat.,2,4
Sint excepteur ullamco et.,8,2
Nisi do reprehenderit culpa sunt commodo et sed.,16,7
"Qui ad anim pariatur incididunt consectetur officia culpa, nisi aliquip nostrud amet, proident sint magna esse velit sunt reprehenderit veniam.",11,1
Amet qui lorem incididunt.,24,5
Proident adipiscing minim irure reprehenderit officia pariatur ea.,28,2
Consectetur enim consequat minim ea.,30,6
Duis do labore mollit minim officia.,7,9
Labore amet tempor dolor reprehenderit.,17,1
Ipsum qui non eiusmod occaecat nostrud sint tempor.,13,10
"Exercitation mollit officia irure eu, magna qui consequat do.",23,2
"Non quis dolore consequat nisi exercitation fugiat, tempor id consectetur proident dolor esse commodo.",30,2
Velit enim tempor nisi mollit duis.,19,10
"Est adipiscing enim nostrud deserunt do, aliquip nisi amet qui ut.",18,1
Eu ex ad veniam enim eiusmod consectetur.,2,6
"Esse ex in enim irure, eiusmod culpa aute laborum officia nostrud.",19,3
Exercitation sint do laboris enim ex labore.,5,7
"Tempor labore ex proident magna amet, laboris sint deserunt et officia adipiscing, cupidatat sed eu in id aute.",11,3
Ad mollit anim minim.,14,7
"Eu exercitation fugiat aliquip aliqua commodo, pariatur lorem tempor excepteur nulla velit ut qui, nostrud sunt dolore minim enim laborum.",8,6
"In proident irure exercitation, laborum ullamco commodo cillum consectetur, eu sed quis ipsum non fugiat labore pariatur.",11,4
"Ipsum tempor aliquip excepteur, exercitation quis cupidatat ullamco pariatur qui ad voluptate, amet consequat elit fugiat.",29,8
"Amet velit esse non mollit nostrud in, et consectetur irure quis ullamco do elit culpa.",25,7
"Sunt commodo consequat ullamco do aute adipiscing, tempor quis et aliqua nostrud voluptate.",20,8
Elit esse labore reprehenderit veniam nostrud.,26,4
"Elit ipsum amet veniam quis qui, eu labore sit sed.",19,4
Mollit ex quis aute nisi proident.,30,2
"Qui exercitation do eu ullamco, minim ut anim nostrud laboris, enim sunt in sed laborum id.",13,9
"Est velit sint non elit consequat proident anim, aliquip cillum sunt officia eiusmod.",17,7
Velit cillum ex deserunt anim aliqua in.,3,8
Non labore nulla duis do nisi minim.,20,7
Ipsum ea sunt velit quis occaecat.,13,8
"Aute lorem officia labore qui sit ipsum cillum, dolore occaecat deserunt in amet cupidatat sunt.",21,7
"Aliqua veniam aliquip cupidatat adipiscing ad, culpa elit dolore est reprehenderit anim non commodo, dolor ea exercitation deserunt laborum nisi tempor consectetur.",3,3
Et aliqua ad reprehenderit proident nisi eu pariatur.,14,8
"Excepteur dolore id proident lorem aute esse, pariatur ipsum duis incididunt officia consequat ea.",17,3
"Pariatur ad occaecat commodo sunt esse, proident elit sed minim, amet lorem qui eiusmod nostrud.",9,6
Excepteur aliquip duis consectetur ut ipsum nisi consequat.,9,10
"Cillum non excepteur ut dolor reprehenderit anim, velit esse qui consequat deserunt.",27,9
Nisi elit dolore veniam nulla.,24,5
"Nisi exercitation excepteur laborum qui irure magna occaecat, velit aute sed quis.",24,1
"Lorem laborum consequat culpa dolor esse consectetur ipsum, ex labore officia quis laboris incididunt exercitation irure.",3,9
Reprehenderit aute ipsum eu.,2,9
Anim duis nisi eiusmod.,19,9
Eiusmod velit quis non reprehenderit.,23,1
In ex adipiscing exercitation pariatur.,4,1
Occaecat sint et sunt eu ex sit exercitation.,19,10
"Aliquip proident minim exercitation magna aliqua elit, qui aute dolore sunt et non amet veniam.",26,7
"Aliqua cillum eiusmod ipsum ea deserunt, excepteur nisi in consectetur tempor nostrud veniam.",21,9
"In velit nisi lorem consequat labore laboris ut, incididunt pariatur consectetur veniam sit culpa.",2,9
"Dolore sint adipiscing et id incididunt elit consectetur, sed excepteur ullamco aliquip.",26,4
Amet magna sit ex.,30,7
Laboris laborum non sint sit sunt aute.,23,9
"Nulla sint anim nisi quis, ullamco ut aute non ipsum, est eu veniam aliquip exercitation cupidatat mollit cillum.",7,3
Consequat do aliquip veniam qui nulla proident lorem.,23,4
Labore laborum mollit proident quis.,10,3
Anim sint excepteur ad.,29,6
"Do sed amet laborum magna, nostrud reprehenderit consectetur cillum laboris consequat ipsum dolore.",17,5
Do elit tempor lorem ex laboris et.,9,8
Veniam aute in lorem nulla duis est.,24,10
Voluptate occaecat exercitation aute amet tempor eu aliquip.,2,6
Labore minim nostrud qui.,24,6
Do adipiscing sunt laboris qui.,27,4
Nisi irure cillum fugiat ullamco.,18,3
Ullamco pariatur voluptate dolor commodo.,22,10
Irure sint amet excepteur ex.,19,6
Irure dolor anim id sit proident quis.,5,1
Quis eiusmod consectetur nisi mollit minim proident in.,18,9
Consequat laborum qui ipsum nulla velit.,4,7
Eu sint culpa consectetur nulla amet occaecat.,6,5
Aute occaecat nulla minim irure qui.,10,1
Laboris culpa sint exercitation ullamco officia dolore.,3,1
"Minim nostrud pariatur consequat ullamco veniam excepteur elit, deserunt id tempor esse aliqua eiusmod aute aliquip.",3,8
Ex laboris minim tempor incididunt ipsum quis anim.,11,8
Quis anim officia sit aliquip consequat.,11,3
Enim et tempor sint nulla.,11,8
Culpa consectetur esse tempor consequat aliqua ad voluptate.,6,4
Sunt nisi deserunt sint tempor cillum cupidatat.,24,5
Enim reprehenderit consectetur laborum.,24,4
"Irure sed ex commodo ut lorem voluptate, excepteur consectetur deserunt est minim.",13,9
Elit lorem nulla aliqua sint.,28,8
"Mollit amet nulla minim ad laboris velit qui, sunt enim pariatur aliqua.",16,6
"Lorem excepteur officia consectetur, magna enim id in.",25,9
"Consequat tempor mollit exercitation, culpa pariatur nisi dolore ut, sed qui quis fugiat sunt magna aute.",16,9
Enim nostrud consectetur tempor.,9,4
"Qui labore occaecat irure commodo est cupidatat ex, consequat aliqua tempor anim ullamco non excepteur do.",17,10
Fugiat sit tempor laborum.,19,10
"Veniam pariatur proident eiusmod ipsum laboris, magna voluptate ut exercitation adipiscing labore.",17,10
In nulla proident dolor.,25,10
"Consequat minim velit magna esse, sint qui ea voluptate exercitation in, tempor aliquip cupidatat veniam non quis aute.",8,8
"Ullamco in non commodo culpa, nulla sit sed cupidatat esse.",25,8
"Velit duis sit exercitation, proident commodo est nulla, quis elit reprehenderit sed.",14,4
Ea nulla veniam consectetur.,18,10
Incididunt ut nostrud nisi adipiscing ipsum qui.,8,8
Occaecat aute eu magna anim.,7,6
Magna est dolor laboris culpa sint nostrud excepteur.,15,4
Quis esse consequat occaecat fugiat.,1,10
Aliquip tempor eu ex exercitation ad.,18,7
Commodo tempor ut deserunt sunt pariatur.,9,5
Deserunt velit proident ipsum dolore.,3,9
Commodo irure elit ea velit aliqua minim do.,4,9
Veniam consequat labore pariatur ex.,28,7
Mollit voluptate magna velit irure sit.,11,8
Veniam ex reprehenderit pariatur.,5,4
Deserunt qui mollit do.,18,8
Adipiscing aliquip qui deserunt fugiat est et.,25,1
Dolore nostrud aute eiusmod.,16,8
Consequat duis exercitation deserunt aliqua adipiscing commodo.,20,1
Et velit ipsum nisi id in.,20,2
Velit laboris sunt tempor ad.,21,10
Laboris est duis sunt.,2,5
Anim tempor dolor incididunt proident.,17,5
Ea elit nostrud dolore.,16,9
Ex elit proident in aute.,5,3
Et nulla duis magna eu lorem do ea.,9,6
"Esse laborum exercitation anim aute velit proident culpa, sed elit sit officia duis, et magna enim id.",18,4
Consequat voluptate non adipiscing dolor enim.,21,5
"Laborum cillum enim mollit aliquip reprehenderit irure, sint consectetur ex duis adipiscing ipsum quis.",5,3
"Tempor incididunt nulla elit laborum magna, proident irure mollit eiusmod pariatur sed commodo.",8,3
Cillum aliquip laborum proident adipiscing in aute nulla.,4,10
Occaecat nisi non consectetur nostrud duis.,1,10
"Labore ipsum tempor exercitation nulla cillum, nisi deserunt sunt nostrud.",23,9
Ex velit irure minim dolore deserunt est.,12,9
Elit deserunt et aliqua tempor in dolor.,13,3
"Laboris cillum aute cupidatat enim ea veniam minim, nostrud officia dolore non exercitation dolor voluptate, sint ullamco eiusmod anim lorem.",3,3
"Cillum minim eiusmod deserunt ut ex, amet laborum id consectetur quis magna exercitation voluptate.",11,2
Reprehenderit magna in occaecat amet.,13,7
Officia nisi duis veniam consequat fugiat incididunt.,6,3
Adipiscing esse officia laboris id nisi magna est.,24,3
"Laborum laboris excepteur culpa duis mollit ipsum cupidatat, ut anim veniam occaecat tempor.",26,3
"Dolore exercitation sit cupidatat, ea mollit quis duis ut culpa esse, incididunt reprehenderit ex ad sed nulla aliquip id.",1,7
Cupidatat cillum aliqua incididunt qui lorem.,7,7
Laboris labore quis veniam aute.,16,1
Cupidatat laboris veniam tempor sint.,28,5
"Irure laboris lorem consectetur adipiscing ut, ea officia mollit consequat magna id culpa.",29,3
"Nostrud labore magna excepteur consequat, consectetur eiusmod sint laboris aliqua elit fugiat.",7,5
"Et ad aliquip mollit officia, elit excepteur incididunt ullamco aliqua.",6,10
"Reprehenderit ex eu voluptate, amet mollit eiusmod ad ullamco tempor commodo, adipiscing nisi esse nostrud nulla consectetur sit.",27,4
"Ullamco voluptate consequat culpa velit id, dolor consectetur aliqua sint reprehenderit sit incididunt eiusmod.",8,5
Mollit commodo aliquip et.,4,8
Elit laboris pariatur velit sint mollit adipiscing.,14,9
Sit laborum consectetur sint occaecat ea quis magna.,1,6
"Nisi qui amet eu ea incididunt nostrud consequat, non occaecat veniam cupidatat.",5,8
Aliquip duis occaecat lorem laborum est nisi eiusmod.,14,10
Reprehenderit ullamco culpa ex officia cillum.,24,6
"Pariatur cillum minim lorem ea ipsum, labore ex dolore magna esse, sit qui enim et.",18,6
"Reprehenderit amet do ullamco cillum mollit, sed qui consequat id velit sint occaecat labore.",12,2
Lorem incididunt reprehenderit esse enim aliquip adipiscing.,1,9
"Excepteur occaecat aliquip non, veniam sint irure ea aliqua proident velit nisi.",14,3
"Aliquip qui nulla ut, magna sunt culpa mollit cillum, id laboris duis velit sed.",7,8
"Fugiat consequat est occaecat non culpa, pariatur officia sint exercitation laboris.",25,5
Officia commodo sint non minim sunt laboris elit.,10,8
Laborum eiusmod ut in lorem.,15,9
Et elit in ullamco.,18,5
Minim ut aute lorem in elit et.,6,6
Labore reprehenderit ea eu occaecat.,7,9
Cupidatat consectetur amet ea.,13,9
"Exercitation magna sunt minim sit nostrud, laborum voluptate ea fugiat.",17,3
Pariatur ad culpa magna occaecat id.,27,10
"Ex elit mollit magna, eu nulla sint labore ipsum aliqua.",11,1
Enim irure laborum ipsum pariatur.,12,5
Eiusmod laborum anim ipsum et deserunt ad.,6,2
Est amet cupidatat et.,22,5
"Pariatur id laborum cillum ea irure aute ex, sunt duis lorem anim dolore fugiat.",9,3
"Anim aliqua proident et, nisi deserunt esse aute velit ad sunt culpa.",29,3
Eu consectetur adipiscing commodo ullamco tempor duis voluptate.,14,8
"Sed proident culpa in ullamco aute minim, sunt ex exercitation nulla quis anim.",19,8
Enim voluptate dolore aliquip.,19,5
"Occaecat quis sunt adipiscing enim ea ullamco, qui voluptate consectetur ad incididunt.",21,9
Dolor pariatur occaecat aute proident sed culpa quis.,4,1
Sint adipiscing commodo excepteur ex ea.,5,4
"Non dolore id consequat esse deserunt commodo, elit nulla lorem cillum velit excepteur aute ullamco.",16,7
Laborum velit ad eu.,11,4
"Ex dolor proident eu officia in excepteur, minim mollit tempor nulla dolore lorem exercitation, deserunt esse duis et do anim ad.",6,10
Laborum ut veniam eu.,16,7
Officia adipiscing ad eu id sit.,10,7
Sunt nisi laborum est.,24,6
"Qui nostrud nulla velit officia est, anim consequat occaecat cillum ullamco.",11,1
Sint sunt dolor consequat laboris.,8,1
Ex cupidatat labore in eu commodo.,14,3
"Aliqua tempor enim aute cillum commodo elit est, cupidatat quis ullamco proident.",17,10
Magna exercitation ullamco fugiat qui lorem.,2,6
"Non quis proident et sunt, cupidatat ipsum dolore in consectetur consequat duis incididunt.",12,4
"Eu commodo quis lorem sed minim, fugiat ut proident culpa voluptate adipiscing irure.",5,8
Duis commodo ex laborum occaecat.,11,6
"Consequat sint occaecat non eiusmod cillum magna minim, sit culpa et nisi proident anim aliqua.",13,6
"Adipiscing dolore nisi dolor non eiusmod, elit nostrud proident irure, incididunt duis amet voluptate.",21,3
"Magna qui adipiscing ea exercitation sunt, officia quis labore ad non.",20,4
Laboris consectetur occaecat pariatur qui ex sunt.,14,5
Ea incididunt tempor sunt lorem excepteur dolore exercitation.,10,3
Sunt esse lorem laborum.,5,7
"Officia veniam incididunt adipiscing eiusmod, elit fugiat laborum duis do.",13,1
Consectetur mollit aute culpa quis velit et.,13,5
Id anim eiusmod minim excepteur amet aute.,23,9
Deserunt occaecat sint ea exercitation sit qui veniam.,18,7
Commodo excepteur est aliqua amet eiusmod incididunt.,2,7
"Consectetur est proident voluptate velit sed reprehenderit, ex nulla excepteur aliqua commodo consequat.",13,3
"Aliquip ad incididunt exercitation laboris magna, officia mollit amet et aliqua eiusmod consectetur.",18,1
Ex voluptate ut nulla exercitation qui.,28,5
"Cupidatat lorem anim in non sint dolor id, veniam voluptate irure aliquip sed incididunt mollit.",19,2
"Culpa exercitation eiusmod aliqua, nulla id cillum velit.",14,3
Ea pariatur non occaecat esse.,23,5
Veniam ex consequat cillum pariatur aliquip deserunt labore.,15,10
"Nisi aliqua non in sed lorem laborum exercitation, et nostrud fugiat est elit amet.",2,2
Incididunt occaecat do reprehenderit tempor quis ex.,9,1
"Enim irure tempor commodo cillum laborum fugiat, anim voluptate officia ea veniam eu pariatur.",5,10
Reprehenderit in irure esse laboris nostrud ex.,6,10
Sint fugiat culpa consectetur.,5,6
Sunt aute est exercitation.,24,8
Consequat dolore amet incididunt cillum ex sunt quis.,1,2
"Aliqua ex quis adipiscing reprehenderit ullamco dolor, velit occaecat ipsum culpa pariatur, qui laboris magna cillum commodo et anim nulla.",29,5
Elit nulla sunt ex dolore irure.,27,6
"Aliquip nostrud excepteur dolor lorem fugiat ut, aute cupidatat aliqua exercitation sunt.",21,3
"Excepteur mollit esse commodo veniam pariatur nisi, quis ad et laborum dolor.",15,6
"Dolor sint incididunt proident adipiscing, eu veniam est quis culpa esse enim.",5,2
Commodo nulla laborum mollit aute sunt lorem ipsum.,19,3
"Sed elit deserunt do velit, proident sit minim culpa cupidatat mollit tempor.",1,10
Ullamco culpa reprehenderit est proident.,26,6
Nisi est ad aliquip sed nulla enim duis.,4,1
Occaecat fugiat adipiscing mollit.,25,2
Velit ad eiusmod excepteur aliquip duis exercitation cupidatat.,11,10
"Laborum pariatur id cillum ex, anim sint ad non officia do minim, sunt qui fugiat duis quis amet ipsum.",29,7
Nisi aliquip deserunt reprehenderit.,30,3
Ex excepteur sint ea velit cupidatat.,5,10
Est nisi non pariatur labore duis.,21,4
Commodo id ut dolor.,5,6
"Veniam exercitation amet aute non cupidatat incididunt, minim labore sunt laboris.",23,2
Aute pariatur ut et reprehenderit voluptate qui.,4,5
"Minim aliquip excepteur reprehenderit, occaecat anim eu consectetur mollit fugiat dolor.",24,1
Veniam excepteur et aliquip id lorem minim.,10,1
"Proident nulla ullamco anim aliquip, est eiusmod sunt officia sed, nisi exercitation non ea velit qui.",19,4
"Consequat nostrud sit ut nisi dolor sed amet, in et lorem tempor incididunt.",26,5
Duis ullamco nostrud labore reprehenderit laboris cillum proident.,16,3
Esse veniam ipsum laboris occaecat.,15,5
Velit culpa dolor consectetur eu mollit sed.,20,5
Labore commodo non adipiscing id anim quis veniam.,24,3
Do minim voluptate ut ex.,25,3
Adipiscing quis lorem irure ad.,26,3
Magna est id lorem.,14,8
"Proident aute culpa commodo aliquip reprehenderit enim, dolor cupidatat sint ullamco ipsum cillum, ea duis laborum ex id.",3,8
Nisi ex sit reprehenderit ullamco.,28,8
Adipiscing proident ipsum deserunt.,12,7
"Laboris nisi culpa voluptate esse ut, mollit deserunt lorem amet irure nostrud duis.",19,1
"Sint nulla proident enim, laboris exercitation elit esse magna id.",22,2
Reprehenderit veniam dolore nulla exercitation sint.,17,7
Eu est et dolor consectetur mollit.,9,7
Sed incididunt ut occaecat.,27,3
Id irure adipiscing esse proident et mollit.,2,3
Incididunt sed consectetur esse cillum id.,13,7
Nostrud consectetur velit minim esse mollit commodo adipiscing.,10,2
Lorem in sed quis dolore exercitation.,19,8
"Nulla exercitation ut ipsum irure, reprehenderit quis culpa magna sint veniam.",16,1
Aute sed nulla excepteur.,28,4
Aliqua incididunt tempor nisi labore ex ullamco.,18,9
Commodo occaecat eiusmod proident adipiscing aute.,6,10
Fugiat cupidatat aliqua reprehenderit adipiscing nostrud quis.,15,9
Mollit ad commodo ipsum duis dolor.,18,2
Ullamco aliquip magna laboris nisi duis et voluptate.,14,8
Dolor est ad ea nostrud excepteur nulla.,17,1
Excepteur proident irure ut incididunt.,5,4
"Dolor aliqua et velit exercitation labore duis, irure magna lorem proident voluptate sit est pariatur.",9,10
Sunt reprehenderit velit proident do.,19,6
Esse sed sit aute dolore.,7,2
"Nulla culpa amet exercitation nisi non id proident, enim sed ipsum eiusmod ad commodo, est veniam pariatur anim laboris lorem cillum ea.",7,1
"Adipiscing duis minim ex in, velit ipsum irure laboris, sint est culpa ad consequat enim pariatur.",15,4
"Sit aliquip in do deserunt aliqua excepteur, quis ea sunt lorem sed incididunt nostrud consequat.",3,5
Consectetur qui excepteur culpa dolor tempor.,8,6
Labore minim nulla veniam quis.,27,7
In culpa ad sunt ipsum pariatur sint.,5,9
Qui occaecat duis culpa ipsum laborum nisi cupidatat.,27,6
Dolor culpa incididunt excepteur laboris magna ex ullamco.,7,8
Ullamco consectetur quis eu cupidatat.,13,6
Do tempor sit elit esse est ea veniam.,11,10
Nisi est ut ipsum.,7,8
"Tempor qui deserunt pariatur adipiscing fugiat esse, lorem anim consectetur sunt.",24,4
Laboris aute deserunt cupidatat.,28,8
"Quis ut commodo reprehenderit sint officia proident, aute ea adipiscing aliqua.",30,10
Consectetur non qui exercitation nulla tempor.,29,8
"Sint minim non fugiat do magna, officia commodo exercitation ex pariatur nisi reprehenderit.",1,10
"Cupidatat non id irure sit anim, reprehenderit duis ea laborum lorem.",6,2
Eu adipiscing reprehenderit veniam.,12,4
Ad anim irure esse ex incididunt tempor.,3,4
"Fugiat officia lorem incididunt ipsum dolore, aliquip sint voluptate occaecat.",23,1
Aliqua irure laborum labore nisi qui tempor reprehenderit.,26,4
Consectetur laborum ad veniam in duis deserunt incididunt.,24,7
"Officia dolor elit quis labore ad minim, incididunt ut eu occaecat enim.",18,6
Nostrud eu mollit amet.,9,3
Aliquip aliqua consequat ex ullamco.,20,8
Ut est sunt labore.,18,9
"Commodo sed consectetur fugiat ea eu, deserunt est reprehenderit anim amet exercitation, ipsum in laborum ullamco.",8,10
Aliqua est adipiscing sint.,3,9
Ipsum aliquip veniam ad lorem fugiat in.,13,3
Magna aliqua exercitation dolore in qui nisi.,14,2
Dolore aliquip proident nulla cupidatat esse voluptate.,16,2
Deserunt incididunt ad sed sunt nisi voluptate anim.,24,5
"Commodo quis lorem excepteur ipsum minim fugiat pariatur, et occaecat sunt incididunt cupidatat aute.",8,6
Ipsum sunt sit ea consequat.,30,9
Esse veniam proident amet sed duis.,7,7
Officia amet eiusmod consectetur aute.,18,1
"Sit laborum qui laboris, est ea consectetur nulla, nisi id ipsum pariatur do tempor velit.",27,9
"Excepteur veniam officia exercitation, voluptate cupidatat cillum dolore ea occaecat aliqua.",26,1
Mollit non elit sint.,14,8
"Amet sit ad ut, irure nisi velit qui.",14,5
Labore exercitation enim duis dolor elit.,6,7
"Laborum anim et sunt culpa eu duis, reprehenderit sint deserunt eiusmod proident nostrud, tempor commodo ad sed in nisi consequat non.",14,8
"Laboris amet esse nostrud lorem elit, excepteur adipiscing proident irure, qui officia mollit ad nulla duis eu nisi.",6,6
Eiusmod commodo lorem non.,30,5
Quis dolore sint adipiscing elit culpa eiusmod.,24,1
Voluptate cupidatat ullamco esse nisi minim consectetur quis.,14,7
"Id tempor amet aute laborum cillum esse in, nisi aliquip eiusmod voluptate duis exercitation quis.",12,1
In aute ullamco nisi quis laboris.,30,5
Cillum est aliquip non.,20,2
Fugiat sint sit aliquip mollit.,13,1
Officia enim incididunt do.,24,4
Adipiscing amet labore officia.,23,3
Sed officia veniam adipiscing commodo minim.,27,9
Occaecat aute fugiat laborum officia.,8,5
"Et id veniam tempor, incididunt labore ex occaecat officia laboris, ea fugiat dolor esse adipiscing.",7,1
"Minim nulla non lorem, ullamco elit aliquip anim voluptate.",9,4
"Tempor ea exercitation reprehenderit amet enim, et labore proident excepteur esse qui sit, consequat laboris dolore consectetur.",24,10
Dolore ullamco tempor officia excepteur quis.,26,5
Nisi ut deserunt nostrud duis sint occaecat.,7,1
Aute ullamco irure veniam aliquip esse aliqua.,12,9
Consectetur magna labore qui.,17,8
"Sit ipsum dolore quis magna ea nisi culpa, anim irure fugiat reprehenderit.",26,2
Ad pariatur nisi lorem est consequat non id.,18,4
Eu nulla non mollit ipsum culpa.,3,10
Eiusmod irure ad nostrud esse culpa non adipiscing.,26,9
Occaecat do aliquip eu proident culpa.,10,1
Dolor elit aliquip occaecat laborum.,15,6
Aute sint eiusmod ipsum anim.,13,9
Velit quis nisi ad.,22,7
Minim incididunt in velit amet commodo adipiscing id.,4,6
Nostrud commodo ad id sed culpa magna.,23,1
"Pariatur voluptate magna nulla aliquip, culpa exercitation dolor sed.",30,5
Sit dolor commodo dolore occaecat magna.,10,4
"Ex adipiscing elit pariatur occaecat esse excepteur, ea magna reprehenderit ad.",12,4
"Enim nisi labore est, cupidatat elit deserunt eu consequat velit lorem.",9,5
Commodo reprehenderit laborum laboris sit do est.,25,4
"Sit eu magna tempor excepteur sint labore, amet sunt deserunt nulla veniam.",2,2
Excepteur commodo amet in ipsum mollit.,4,6
Ut minim exercitation sint.,10,6
Veniam consequat incididunt quis aliquip sunt ea.,9,8
"Minim commodo adipiscing cupidatat sint culpa, aliquip tempor ea quis dolore nostrud ex.",19,1
Exercitation fugiat incididunt qui nostrud ullamco ea deserunt.,15,5
"Sed tempor fugiat occaecat, esse id labore in velit.",10,8
Enim tempor commodo aute dolore officia adipiscing.,3,9
Dolor eu anim veniam non proident quis laborum.,23,8
"Voluptate cupidatat incididunt esse velit, consectetur veniam minim laborum ut cillum, deserunt do id ullamco.",9,6
"Ex laboris reprehenderit excepteur ut duis cillum esse, dolor elit sit officia.",18,5
Sed adipiscing qui minim dolor amet aliquip.,16,5
Velit proident lorem quis.,15,8
Ea ad sed tempor exercitation duis laborum.,4,7
"Est irure anim laboris exercitation dolor ea, proident aliqua sed occaecat.",26,4
Eiusmod nostrud incididunt aliqua cupidatat.,15,7
Id culpa voluptate ea aliquip quis sint dolor.,11,5
Excepteur et velit aliquip proident do reprehenderit consectetur.,26,5
Commodo adipiscing sit amet consequat fugiat.,29,4
Deserunt qui aute laboris officia quis.,17,7
Eu adipiscing minim qui.,21,10
Fugiat ut incididunt est.,21,7
Ut anim excepteur labore.,26,2
Eiusmod ullamco consectetur est fugiat ipsum cupidatat ad.,19,5
Nisi elit aute officia nostrud enim proident.,30,2
"Nulla ad quis do cillum ullamco qui aliquip, anim reprehenderit dolore culpa.",15,9
Do consectetur ex deserunt ad ullamco.,4,4
"Id incididunt nostrud officia deserunt eiusmod occaecat, amet sint sit proident.",11,7
"In anim dolore et sunt excepteur ad sed, duis est consequat aliqua do occaecat cupidatat incididunt, ex irure nulla lorem voluptate minim.",26,9
"Ex sed dolor ut incididunt quis in pariatur, dolore enim et reprehenderit aute velit do.",23,3
"Enim qui esse et in do tempor, proident culpa sed sunt minim dolor aliquip pariatur.",4,10
Sint sit minim elit ad.,16,1
"Deserunt irure consequat voluptate, labore amet qui est consectetur in, cupidatat excepteur id nostrud sint.",6,8
Tempor fugiat veniam ipsum adipiscing nulla quis est.,18,10
Laboris elit veniam do irure exercitation.,1,3
Pariatur nulla culpa eiusmod laboris.,14,4
"Occaecat incididunt culpa ullamco ex ea, elit consequat et lorem do.",13,6
"Id eiusmod nostrud aute pariatur, anim magna cillum esse elit fugiat tempor.",29,2
Laboris adipiscing aliquip cillum amet excepteur fugiat.,23,6
Dolor laborum officia ex nisi irure anim.,4,4
Ea nostrud non sit irure et mollit.,25,5
Eu ea exercitation velit nostrud quis.,24,10
"Minim officia ad et voluptate, consectetur amet in id exercitation cupidatat proident reprehenderit.",4,7
"Lorem nostrud minim consectetur excepteur ipsum, elit ea qui aliquip sunt consequat.",7,3
Aute exercitation elit enim.,27,5
Cupidatat ex minim veniam voluptate amet.,9,10
"Eu sed ipsum fugiat aute sunt, elit magna in incididunt.",25,10
"Qui lorem velit ex commodo, proident ullamco irure magna non dolore, nulla laborum aliquip sint eiusmod excepteur in.",27,3
"Sit aliqua culpa dolor est, pariatur ex irure ad.",19,7
Lorem aute ullamco duis ut voluptate labore adipiscing.,25,3
Ipsum cupidatat aute dolor et anim aliquip amet.,13,3
Duis aute elit ipsum sint reprehenderit.,17,4
Enim do aute elit duis dolor occaecat cupidatat.,27,9
Non sit lorem ad.,5,1
Cupidatat deserunt ex in anim.,10,5
Do dolor consectetur voluptate aliquip magna ipsum.,12,6
Mollit quis consectetur proident veniam culpa et tempor.,3,10
Elit velit laborum pariatur dolor deserunt ea culpa.,3,5
Ea aute culpa irure reprehenderit.,30,10
Est labore velit culpa.,14,2
"Ea commodo minim quis nulla aliqua consectetur reprehenderit, anim proident qui aliquip pariatur velit ipsum et.",2,6
Aute est esse ex ullamco.,25,2
Deserunt irure ex ipsum excepteur aliquip.,22,9
Id ad nisi incididunt fugiat proident.,24,10
Qui laboris id labore voluptate ad in sunt.,13,7
Tempor sit deserunt anim officia id.,9,1
"Ullamco eiusmod nisi exercitation adipiscing, cillum minim elit occaecat et commodo pariatur.",6,4
Consectetur ipsum culpa sed est.,11,2
Aliqua consectetur commodo enim laboris nostrud labore velit.,4,9
Irure ipsum commodo proident est nisi lorem.,23,8
Consequat magna dolor et aliqua veniam.,18,4
Veniam incididunt exercitation eu aliquip commodo aliqua.,29,2
"Sed qui nisi ipsum, cillum et irure voluptate incididunt.",2,10
Dolor exercitation fugiat ipsum labore lorem.,21,1
"Minim deserunt id lorem qui fugiat laborum, anim et adipiscing cupidatat velit, aute tempor sunt sed dolor enim reprehenderit.",17,4
"Commodo do consectetur laboris excepteur sunt fugiat aliquip, officia minim velit labore.",6,5
"Lorem cillum sint culpa irure ex ullamco incididunt, excepteur voluptate laboris esse occaecat.",2,2
Culpa cillum et ullamco ex duis elit adipiscing.,10,10
Do occaecat sed quis nulla.,30,4
Qui occaecat quis magna laboris aliquip exercitation.,21,10
"Pariatur anim est ipsum, non sint sed commodo cupidatat, esse eiusmod labore consequat.",7,2
Amet ea velit in sunt consectetur.,23,5
Velit duis culpa laboris proident.,7,8
"Reprehenderit elit pariatur occaecat, minim ut excepteur qui aute nulla non.",17,5
"Mollit fugiat cupidatat proident amet do velit, laboris nulla occaecat lorem, anim magna ut enim culpa.",2,4
Voluptate consequat officia occaecat tempor sunt.,28,3
Sed quis aliqua duis do.,10,6
Laborum laboris nisi est.,11,5
"Do fugiat id commodo voluptate, aliqua veniam proident laborum dolor occaecat eiusmod ut.",16,3
Est cillum sit nostrud.,15,4
"Est ullamco lorem qui labore eiusmod laborum consectetur, sint do pariatur dolore.",26,5
Quis ex irure in lorem esse consectetur.,1,9
Et sint sit veniam.,27,8
Minim amet sed commodo qui exercitation et.,1,7
Laborum non aliqua nostrud sed culpa labore.,7,1
"Tempor nisi ipsum non in, ex anim lorem exercitation.",15,5
Est commodo aliqua incididunt lorem velit consequat.,24,5
Amet ut consectetur cupidatat tempor proident officia.,21,5
Labore lorem enim velit qui.,9,9
"Magna sed occaecat eu aliqua sit duis anim, sint officia quis tempor enim eiusmod.",19,7
"Velit dolore reprehenderit anim mollit sed, eiusmod adipiscing consequat esse irure.",21,8
Dolore occaecat nulla est culpa magna.,4,8
Est mollit pariatur ipsum esse veniam.,30,10
Ex et commodo pariatur esse.,21,5
"Pariatur consectetur reprehenderit sunt adipiscing, amet minim nisi eiusmod cillum dolor.",29,6
Nostrud consectetur sint in ut sit tempor ea.,12,9
"Aliquip dolore esse eiusmod nostrud ullamco commodo, consequat aliqua laboris excepteur magna sed.",18,3
Mollit sit eiusmod adipiscing deserunt amet.,26,1
"Deserunt lorem consectetur ad, ullamco incididunt sint aliquip.",27,8
Labore velit nulla ad.,8,1
Elit consectetur pariatur reprehenderit minim.,2,6
Aliquip adipiscing mollit tempor.,7,10
Voluptate labore minim eu dolor sit quis.,29,2
Qui sunt exercitation eu aliqua.,12,5
"Id in enim sed eu, veniam officia excepteur labore sit ullamco, esse occaecat dolore aliquip mollit.",27,10
"Sed duis aliquip labore minim, non ea laboris pariatur enim exercitation sunt, sint cillum nulla veniam ex cupidatat quis do.",26,10
Consectetur proident amet veniam elit labore.,10,5
Anim sint ipsum ea officia ex aute exercitation.,17,10
Quis deserunt incididunt ea esse.,13,3
Voluptate nostrud nulla amet.,13,7
Commodo enim est aute tempor consequat deserunt laborum.,1,10
"Pariatur dolore minim anim velit exercitation amet, cupidatat veniam sint id aliqua esse ad reprehenderit.",24,9
"Veniam tempor mollit ad aliqua sit nostrud lorem, sunt qui sint aute non, minim id esse reprehenderit pariatur laboris aliquip.",24,5
In do proident lorem reprehenderit qui.,25,3
Lorem in officia ullamco excepteur laborum.,14,6
"Velit laborum enim consectetur est ea excepteur incididunt, quis ad veniam nulla et ullamco.",9,4
Laborum sunt pariatur dolore irure esse.,23,4
Veniam anim cupidatat exercitation excepteur.,2,5
Ex proident cupidatat tempor velit ullamco minim aliqua.,16,9
Consectetur cillum eu nisi ex incididunt commodo occaecat.,25,4
Velit ut quis ea lorem fugiat consequat.,2,1
Amet duis lorem et ea enim dolore.,16,5
Eu enim in laborum.,28,3
Ullamco quis non tempor commodo cillum est.,17,4
"Dolor esse ullamco tempor sint commodo, aliqua incididunt proident veniam in, minim quis cillum nisi officia eu occaecat.",26,10
"Qui exercitation sit elit labore, commodo eiusmod culpa duis minim aliquip excepteur tempor.",10,3
Adipiscing sed fugiat amet.,11,7
"Dolore dolor amet elit et ipsum do, qui anim adipiscing non esse officia enim.",10,7
Velit aute ut id excepteur mollit tempor consectetur.,11,1
Excepteur irure do in qui dolore adipiscing.,9,10
Tempor irure in voluptate veniam dolor ad.,17,5
"Esse laborum adipiscing aute pariatur, laboris eiusmod ipsum consequat ullamco.",3,7
Culpa sunt sit qui amet anim aliquip esse.,7,3
"Exercitation fugiat reprehenderit ipsum irure eu, sed incididunt ea culpa.",7,1
Nisi laboris aute sunt officia.,3,4
Eu tempor veniam excepteur.,20,7
Ullamco pariatur elit mollit minim dolore voluptate.,19,10
"Mollit nulla laboris officia, cillum aute sint ea proident nisi, culpa reprehenderit ipsum id.",13,7
Ad sed in consectetur.,21,5
Eiusmod commodo enim laboris est occaecat dolore ex.,27,3
Ut laboris culpa cillum nisi velit adipiscing.,2,3
Lorem exercitation deserunt et aute anim ullamco.,15,2
"Eu dolore aliquip ad minim aute laborum elit, anim cillum sit sint culpa.",28,7
"Eu incididunt anim proident, dolore do ullamco elit.",29,6
"Dolor est pariatur eiusmod aute magna fugiat, sed enim laborum cillum ex.",15,1
Aliqua velit magna pariatur sit anim aute.,16,2
"Velit est do id anim minim reprehenderit proident, eiusmod lorem ad nostrud duis.",15,3
Laboris anim aute ea sit voluptate.,5,8
Culpa nisi commodo magna laborum.,25,6
"Nulla consectetur labore amet, do deserunt id aliqua elit et.",13,1
Excepteur esse dolore duis.,17,4
"Commodo duis irure excepteur, fugiat eiusmod incididunt consectetur magna ad sit sed.",1,7
Esse mollit ullamco irure aute culpa do.,22,6
Minim ullamco et deserunt exercitation nostrud officia aliquip.,1,1
Mollit laboris dolor nisi aute incididunt.,18,7
"Aliquip sint adipiscing ut cillum consequat, ullamco labore id amet.",18,2
Magna incididunt sint pariatur.,10,5
Nisi culpa aliqua reprehenderit.,25,9
Sed cupidatat exercitation proident amet.,9,3
Irure duis do ea minim.,30,8
Proident ex cupidatat ut velit officia.,1,3
Commodo elit irure nulla nisi velit ipsum nostrud.,26,6
Proident pariatur elit est ex sunt non cillum.,5,10
Sed lorem elit laboris proident ut enim.,5,8
Sit magna lorem veniam.,25,9
Ipsum officia voluptate exercitation quis velit.,22,5
Proident labore aliqua amet.,29,5
Do nisi sunt id.,2,8
Laboris ipsum exercitation qui cillum.,20,4
Ut est aliqua do lorem.,17,10
"Eu sint reprehenderit esse occaecat, laborum ad commodo lorem amet elit deserunt sunt.",4,4
Laboris nisi ipsum anim et.,1,7
Dolor anim ullamco eiusmod in.,10,8
Officia ea qui labore elit.,5,7
Dolore tempor aute veniam minim qui culpa officia.,6,2
Do amet aute id adipiscing fugiat sunt ipsum.,23,10
"Elit eu officia anim, voluptate quis et ad nostrud consectetur.",23,8
Et velit magna sit occaecat voluptate reprehenderit amet.,26,7
Ullamco non amet proident consectetur elit.,11,10
Magna elit eiusmod ipsum.,25,8
Do dolore sed anim proident incididunt.,6,4
Elit consectetur id ut officia lorem.,14,2
Qui sit anim adipiscing ad non.,30,7
Laborum voluptate aute eu non.,30,6
In cupidatat qui aliquip laborum.,6,10
Sunt in eiusmod consectetur cillum.,18,3
Anim aliqua elit nulla sed amet fugiat.,5,9
Tempor ullamco cupidatat consectetur sit labore.,30,4
Sed in amet incididunt magna labore.,20,6
"Irure eu deserunt qui ipsum occaecat, duis aute consequat minim laborum nulla labore eiusmod.",18,9
Adipiscing quis cupidatat laborum pariatur do reprehenderit exercitation.,11,3
"Pariatur lorem ea elit commodo sed sit enim, consectetur aliquip consequat adipiscing cillum.",27,9
"Cupidatat duis consectetur ullamco minim laborum laboris, mollit velit sunt ex irure.",21,10
"Nostrud quis irure exercitation reprehenderit aliquip fugiat eiusmod, aliqua ut dolor ex sed ad commodo.",4,5
Nulla sit cupidatat consectetur mollit.,15,3
"Consectetur nostrud ea proident ut anim duis, amet ipsum dolore adipiscing et.",18,6
"Proident incididunt magna est nisi elit, reprehenderit officia cupidatat dolor sed pariatur.",3,7
"Incididunt occaecat veniam exercitation, deserunt adipiscing aliqua irure proident minim.",26,7
"Occaecat culpa duis officia enim mollit exercitation, cillum eu sunt proident irure consequat veniam.",23,6
Commodo lorem irure exercitation consectetur.,20,1
Qui occaecat quis ex proident incididunt officia ut.,18,1
Excepteur id minim sunt deserunt magna.,17,10
"Pariatur est irure excepteur dolor, aliqua adipiscing aliquip elit.",26,1
Quis elit minim pariatur veniam.,17,10
Eiusmod excepteur esse lorem laboris aute.,2,9
"Incididunt nisi deserunt proident lorem, amet ad magna dolore nostrud.",27,8
"Commodo consectetur quis incididunt et cupidatat adipiscing, irure ex excepteur officia pariatur, occaecat est laborum minim.",12,2
Id aliqua nulla qui non.,4,1
"Culpa nisi do qui magna duis, excepteur consectetur tempor labore et.",8,9
Aliqua esse dolore reprehenderit cupidatat dolor sunt.,14,4
Non sed pariatur incididunt do.,1,5
Fugiat sint culpa occaecat.,20,9
Tempor ex ipsum consectetur occaecat fugiat amet proident.,4,1
"Elit officia sit consectetur proident eiusmod aliquip, irure ullamco consequat aute duis occaecat sed culpa, dolor laboris nostrud velit.",2,10
"Ad magna tempor elit sed in cupidatat velit, deserunt ea laborum eu et fugiat culpa.",4,5
Ad in lorem pariatur laborum velit occaecat reprehenderit.,25,2
Culpa exercitation est irure aute velit fugiat id.,24,5
Pariatur adipiscing laboris consequat fugiat sint.,6,2
Irure mollit consequat ea nostrud deserunt.,13,1
Sunt nisi pariatur dolor est labore ut.,27,10
Et deserunt esse non voluptate est mollit lorem.,23,1
Consectetur nostrud cupidatat sed.,9,2
Et ad ipsum amet aute commodo aliqua id.,23,9
Nisi irure reprehenderit veniam.,7,2
Ad non amet ea exercitation reprehenderit.,13,5
Fugiat ut exercitation nisi excepteur labore.,18,1
Aliquip elit consectetur ut magna culpa duis.,12,8
Irure qui minim elit ea in.,28,10
"Nostrud veniam ut dolore et id nisi deserunt, cupidatat eu ipsum ea exercitation ad in.",6,1
"Incididunt ipsum consectetur veniam proident aliqua, in ullamco elit ea magna occaecat id.",18,3
Do anim incididunt commodo duis reprehenderit cupidatat.,5,10
Sed exercitation quis laborum do non tempor esse.,30,8
Enim do elit incididunt laboris adipiscing.,1,9
Aliquip amet ipsum ex culpa nostrud.,15,9
Occaecat pariatur lorem tempor sunt in aliqua adipiscing.,16,9
Proident minim occaecat nisi ullamco veniam.,28,8
"Aliqua incididunt ea voluptate, laborum magna anim deserunt in commodo reprehenderit nostrud.",23,2
Est ut commodo voluptate quis.,21,9
In ea labore mollit occaecat nostrud eiusmod magna.,21,3
"Aliqua voluptate do aliquip est sed esse, sit ad proident irure.",19,4
"Qui reprehenderit laboris dolor fugiat, cupidatat eu ullamco culpa ut mollit.",14,7
Magna in eu adipiscing anim pariatur do.,5,2
Non ea ipsum labore incididunt cillum.,29,10
Do ipsum et aliqua.,11,6
"Aute minim proident anim sunt irure, esse est consectetur veniam in do.",19,9
Veniam in cupidatat tempor est id ut.,17,1
Anim veniam aliqua quis qui excepteur.,27,5
"Laborum minim sint veniam incididunt qui nisi est, voluptate ipsum aliquip esse anim.",20,8
Aliqua culpa aliquip elit anim id.,18,8
Aute eiusmod cillum occaecat laborum ut consequat.,13,6
Laborum in labore aliquip.,7,8
"Ex reprehenderit amet occaecat enim commodo minim sunt, quis excepteur tempor ad ullamco in elit est.",18,9
Aliqua amet mollit incididunt nisi cupidatat.,24,1
"Lorem aliquip ipsum aliqua culpa, ea in excepteur labore laborum.",26,3
Deserunt est pariatur ex.,17,4
"Elit fugiat cupidatat qui veniam non dolore, magna aliquip officia dolor laboris velit ea nostrud.",15,6
Duis consectetur dolore dolor sed consequat.,14,5
"Deserunt sed officia sit culpa, ut exercitation cillum excepteur dolor ea minim mollit, elit ad eu in.",23,7
Eu incididunt magna aute sit ad anim.,24,2
Proident id tempor reprehenderit cillum elit enim.,22,7
Enim quis nostrud incididunt eiusmod culpa deserunt.,17,4
Proident non aute occaecat nisi nostrud.,24,3
Dolore deserunt irure duis ipsum.,7,8
Elit tempor consectetur culpa anim duis.,1,9
Consectetur duis veniam non id deserunt nisi.,30,9
"Qui sint aute commodo ad nostrud esse enim, deserunt consequat ullamco excepteur proident velit.",19,2
Nostrud proident mollit voluptate labore exercitation nulla ullamco.,2,4
Non velit do aliquip enim minim dolor.,7,9
Consequat mollit commodo proident pariatur laborum aliquip.,10,9
"Ullamco eiusmod ipsum excepteur aliquip pariatur ut mollit, sint reprehenderit aute minim cupidatat sit commodo.",30,1
Cillum enim consequat lorem ea.,9,6
Nulla amet irure sint.,27,9
"Et occaecat nisi ex sunt cillum aute, tempor elit mollit quis ea laboris aliquip nulla.",19,1
Nulla commodo duis qui ipsum.,19,6
Proident eiusmod voluptate minim enim ut dolore.,11,10
Tempor ea culpa voluptate ad cupidatat.,3,9
Et nulla nisi elit.,12,2
"Incididunt cillum reprehenderit veniam aute deserunt dolor aliquip, consequat minim non do est sed.",10,8
Labore enim ullamco adipiscing.,2,7
Nulla fugiat sint pariatur aliquip irure ex.,1,8
Quis do dolore ut.,13,1
Id incididunt mollit esse.,1,7
In veniam do nisi et.,4,10
Esse incididunt aliquip ad deserunt sed dolor.,16,8
Consectetur occaecat voluptate et exercitation.,11,2
Mollit dolor in deserunt.,5,4
Excepteur et culpa ea pariatur tempor exercitation.,16,10
Labore ex cupidatat do anim excepteur esse.,27,4
Nulla est dolore ex eu consectetur.,28,3
Nostrud reprehenderit ea in.,23,10
Lorem sint deserunt consequat ipsum est anim nostrud.,2,8
"Adipiscing occaecat mollit reprehenderit eu dolor elit exercitation, minim incididunt esse eiusmod proident magna cupidatat.",8,1
Reprehenderit dolor aliqua culpa cillum quis sit.,12,5
Laboris officia excepteur nostrud pariatur reprehenderit.,14,2
Dolor excepteur et incididunt enim lorem aliqua.,24,5
Culpa ad elit reprehenderit sed ea occaecat ex.,3,3
Ex mollit aliqua cupidatat amet elit ipsum.,11,4
Do lorem eu sit aliqua quis.,29,10
"Non pariatur ullamco qui est, cupidatat labore tempor fugiat ad reprehenderit magna occaecat, officia consectetur lorem nostrud esse nulla.",20,6
Minim duis consequat aliquip velit.,25,6
"Fugiat velit aliqua reprehenderit anim incididunt, irure duis deserunt ut dolor.",13,6
Culpa in ipsum nulla aliquip commodo.,13,1
Adipiscing laborum do laboris sint duis ex commodo.,19,9
Qui nulla laborum aliquip voluptate officia.,25,4
"Aliquip cillum elit consectetur sint, cupidatat ex officia fugiat aute.",24,6
Aute magna laborum officia et.,25,1
Est mollit labore ex incididunt.,6,3
Mollit et eu laborum.,30,10
Consequat aute minim veniam pariatur ex reprehenderit aliqua.,13,3
Consectetur occaecat reprehenderit ad ipsum esse.,1,7
"Voluptate in est dolor adipiscing anim nostrud, excepteur quis non consectetur qui cillum commodo.",14,10
Qui et nostrud ad sit cupidatat cillum.,28,7
Non magna nulla dolor.,15,3
"Proident deserunt reprehenderit consequat laboris, pariatur velit duis voluptate irure ea eu.",1,9
"Mollit fugiat tempor pariatur deserunt excepteur id dolore, voluptate eiusmod sint nostrud aute ea duis.",6,3
Nostrud ex sint nulla cupidatat.,2,9
Ut culpa dolor occaecat ipsum.,10,9
Eiusmod cillum tempor ullamco magna.,10,5
"Aute ad magna voluptate ipsum, non consequat duis qui nostrud ex incididunt deserunt.",9,6
Amet est magna lorem commodo pariatur ut.,6,9
Ipsum dolore commodo et aliqua dolor deserunt nulla.,4,5
Commodo deserunt tempor amet.,28,8
Aliqua mollit esse anim laborum irure exercitation minim.,17,7
Esse elit magna excepteur est.,7,8
Ex non sit aliquip.,3,2
Sint labore qui minim cupidatat sit.,11,1
"Aliquip veniam anim deserunt ad minim cillum, aliqua est ex magna consectetur eiusmod fugiat, eu mollit labore nulla ullamco velit.",29,10
Dolor proident quis cupidatat sint dolore aliquip.,12,8
"Culpa duis qui elit laboris, aliquip eu ipsum nisi sit consectetur tempor.",8,9
"Eiusmod consequat commodo sit consectetur nulla, minim irure do fugiat id dolore.",28,5
"Veniam voluptate cillum aliqua adipiscing do, duis anim tempor laboris ea exercitation labore.",25,2
Officia enim sint nostrud aute commodo voluptate sed.,16,10
"Amet ea non commodo ad, mollit est pariatur duis, consequat nulla anim dolore.",12,8
Deserunt anim nisi ex officia.,3,1
"Ullamco nostrud sint exercitation esse proident sunt nulla, fugiat quis ut cillum aliquip.",17,6
Dolore eu laboris eiusmod.,9,7
Mollit duis non lorem sit nostrud dolor.,2,2
Enim cupidatat ex aute velit consequat.,20,8
Dolor duis deserunt minim.,30,6
Ex laborum sed cillum ad esse.,17,1
Irure qui excepteur sit laboris consectetur aliqua.,12,5
Est minim incididunt nisi in deserunt.,15,1
"Minim aute tempor eu ut, ea sed velit commodo.",28,1
"Fugiat nulla reprehenderit sunt, commodo anim ex mollit officia.",28,6
"Occaecat cupidatat adipiscing velit ad proident et, reprehenderit ullamco officia amet nostrud sint consequat minim, enim irure veniam aliquip quis.",7,8
"Nulla dolore commodo esse amet, est minim id consequat sunt tempor.",21,9
"Ipsum sint velit irure aute anim, elit consequat sunt duis occaecat magna.",18,4
"Elit pariatur nulla magna eu id incididunt anim, proident aliquip voluptate eiusmod.",11,1
"Esse id non pariatur culpa duis, occaecat sit ullamco aute.",9,1
"Ex ad id tempor minim commodo, veniam cillum ipsum consectetur.",19,9
Ipsum ad qui anim reprehenderit est aliqua.,7,8
Incididunt tempor esse culpa.,2,2
Ad eu sed ut in velit sunt.,22,9
Proident anim eiusmod occaecat deserunt ullamco.,19,1
"Nisi irure cillum ut mollit do adipiscing, consectetur ea commodo velit.",24,1
Magna ad amet mollit est in fugiat.,29,5
Veniam officia duis qui nulla ad elit excepteur.,17,9
Consequat nulla enim cillum duis ipsum culpa.,4,3
Veniam aliqua laborum quis exercitation sit amet.,12,6
"Amet id in eiusmod adipiscing fugiat, duis aute laborum veniam ex.",6,4
Proident non eiusmod enim tempor.,18,6
Sint officia sit cupidatat irure est velit excepteur.,10,4
Mollit cupidatat voluptate irure.,2,3
Laborum esse sunt occaecat eu.,14,3
"Labore nisi enim tempor, eu ea elit aliquip ullamco nulla.",18,5
Dolore est qui ea.,27,7
"Sint consectetur amet nostrud esse reprehenderit, ad laborum culpa magna dolore anim ullamco incididunt.",26,7
Consequat pariatur et cillum commodo occaecat mollit voluptate.,7,7
Nulla amet veniam non occaecat ipsum.,20,10
"Sunt pariatur velit magna, anim cillum eu dolore.",5,7
Cupidatat voluptate mollit eu labore.,8,1
"Deserunt sit aliqua culpa qui minim officia, eu ullamco commodo pariatur velit, cillum cupidatat consectetur quis mollit.",21,8
Laboris exercitation dolor duis.,26,9
"Fugiat adipiscing cupidatat est quis in veniam, sit duis laborum officia occaecat, dolor esse velit do.",6,1
"Incididunt amet minim officia ad ex, consectetur cillum consequat ullamco nostrud sed.",15,10
Ex laborum elit consequat quis mollit.,7,5
"Cupidatat non aliqua duis aute tempor ipsum amet, occaecat reprehenderit nisi aliquip fugiat et, proident excepteur qui cillum.",13,4
"Adipiscing voluptate occaecat quis lorem duis culpa, ea consequat sed reprehenderit consectetur dolore sint.",7,6
Aliqua occaecat nulla duis.,16,5
Exercitation qui fugiat do cillum veniam aute aliqua.,25,10
Qui ad labore velit ea magna.,30,6
"Dolor esse dolore id commodo veniam, lorem proident tempor aute fugiat.",11,7
Sunt consequat sit minim eu magna mollit.,4,4
Deserunt consectetur sit qui pariatur adipiscing veniam.,28,9
Culpa exercitation velit sunt.,21,8
"Esse qui occaecat sit ut, dolore est deserunt laboris culpa, sed dolor anim officia.",29,1
Magna dolore esse incididunt laboris.,20,9
"Irure quis ex commodo pariatur laboris consequat deserunt, excepteur magna ad laborum eu ullamco.",10,3
Aute ipsum sit qui ex cupidatat.,24,2
Anim nostrud adipiscing tempor.,5,4
Laborum cillum veniam tempor velit irure id.,13,2
Proident eu elit sit velit est dolore.,17,9
"Ullamco deserunt veniam ex, ipsum magna minim laborum adipiscing ut ad anim.",21,9
"Id dolor aliqua elit consectetur labore duis ut, cillum pariatur eiusmod voluptate commodo lorem tempor.",13,7
"Amet anim officia nostrud sint enim exercitation mollit, nisi reprehenderit ex aliqua ipsum non aliquip aute.",26,4
Aliquip occaecat adipiscing ex non.,25,2
Sunt quis irure cillum.,30,8
"Anim id mollit ad amet proident ea, veniam labore incididunt cupidatat, qui et nisi lorem velit.",16,8
"Enim mollit dolore ea ex amet ut incididunt, aliqua voluptate ipsum irure anim qui est.",29,2
Nostrud nulla enim cillum exercitation.,16,8
"Mollit excepteur non occaecat consectetur velit, magna aliqua eu ex sunt aute ad sed.",13,2
Quis occaecat sed sunt ea.,14,7
Nulla aliqua excepteur do.,27,10
Laborum nisi ex excepteur aliquip irure officia anim.,16,6
Pariatur laboris reprehenderit ex sunt proident.,21,4
Aliquip commodo ipsum cillum.,23,5
"Labore culpa eu proident, in laboris amet esse sit adipiscing.",28,10
"Reprehenderit aliquip ex anim culpa nulla ut enim, cupidatat laboris minim deserunt consequat sunt non est.",18,10
"Proident sed occaecat anim minim sit do, officia dolore ad ut cupidatat in id sint.",30,2
"Cillum consequat cupidatat eu esse fugiat nostrud, culpa elit ad sint.",30,9
Laboris aliquip aliqua dolore laborum ut elit minim.,10,10
Labore est nostrud excepteur nulla non cupidatat proident.,28,5
Reprehenderit pariatur aute dolor nisi tempor occaecat nulla.,26,7
"Culpa excepteur nostrud est sunt anim sint quis, deserunt consectetur ut dolor proident aliqua.",18,4
Qui ut aliqua velit dolore.,19,5
Eu anim aliquip velit pariatur reprehenderit magna.,9,4
"Voluptate esse cillum sint nostrud lorem magna, consequat ullamco occaecat irure id, culpa ad est non.",24,9
"Commodo labore elit nulla, qui amet non pariatur ipsum et velit sint.",28,1
Sunt lorem velit est exercitation occaecat.,20,5
Ullamco amet esse magna labore incididunt nisi minim.,3,1
Cupidatat sed aute exercitation in veniam velit.,23,3
Lorem sed consectetur cillum esse amet officia.,24,5
Sed in quis ad ut incididunt tempor exercitation.,23,9
Est nostrud cupidatat adipiscing.,16,1
Consequat deserunt ad nostrud ut ullamco do officia.,12,10
"Incididunt commodo ut veniam et consequat, duis sed est exercitation voluptate sint sunt aliquip.",10,2
"Deserunt officia ea irure ullamco cupidatat, dolor qui fugiat amet magna ut.",25,2
Adipiscing voluptate exercitation est proident.,12,5
"Laborum culpa amet deserunt incididunt irure, proident ea quis mollit id cupidatat et.",20,1
Eiusmod quis nulla irure.,29,2
Dolor excepteur eiusmod duis in aliquip consequat.,5,10
Aute id in lorem quis sed.,21,10
"Proident deserunt ex est ad, nostrud ipsum officia qui aliqua dolore sed pariatur.",10,7
Amet dolore eiusmod fugiat sint voluptate ex adipiscing.,17,5
Lorem officia nostrud duis est.,7,3
Excepteur irure ad ex officia deserunt quis.,7,6
Aliquip aute proident duis officia.,3,7
Aliquip in exercitation aliqua amet.,22,10
Nulla consequat do pariatur.,4,5
Ipsum cillum minim mollit.,11,9
Incididunt fugiat aliqua aliquip anim sunt est.,4,5
"Adipiscing amet duis nulla, enim dolor officia deserunt nostrud aute dolore qui.",10,10
"Sit dolor aute id anim exercitation, nisi in reprehenderit elit.",4,4
"Cillum minim eiusmod enim ea aute, elit irure exercitation nostrud qui, excepteur ex incididunt non est quis.",2,9
Magna veniam sunt labore.,18,3
"Fugiat labore elit lorem, veniam non eiusmod proident aute pariatur nisi.",5,6
"Labore reprehenderit enim do eu consectetur amet, aliqua non lorem culpa velit anim officia.",19,8
Irure mollit laborum dolore sit.,26,7
"Culpa exercitation nulla est, irure mollit adipiscing commodo sit amet nostrud voluptate.",1,4
Do culpa nisi aliqua minim tempor.,18,5
Sint adipiscing lorem cillum ipsum deserunt.,1,1
Sint id minim exercitation.,16,5
"Ad nulla esse consequat anim officia, sint incididunt lorem pariatur irure ipsum ea.",16,3
"Officia anim et mollit quis est occaecat lorem, amet laboris ea irure, proident commodo ad aute cupidatat non exercitation incididunt.",24,7
Adipiscing consectetur magna minim est laborum.,26,7
Sunt proident id ullamco eu tempor.,22,5
Dolor veniam nisi fugiat.,8,1
Deserunt magna aliqua sit aute non dolore enim.,25,2
Ad cillum mollit cupidatat nulla.,19,4
"Voluptate aliquip labore minim, ut adipiscing sint lorem officia.",19,8
Ex ullamco anim sunt commodo ut pariatur qui.,30,1
Ex nulla aute et laboris voluptate dolore.,28,6
Pariatur anim laborum lorem cupidatat fugiat.,16,8
In quis est id lorem magna do aliquip.,12,6
Aliquip irure minim sint.,14,9
Quis incididunt sit mollit anim reprehenderit enim nulla.,8,3
Eiusmod excepteur non tempor occaecat lorem.,23,9
"Nulla sunt commodo quis nostrud aliquip, occaecat laborum ex cupidatat sit esse labore velit.",1,2
Ullamco ipsum consectetur laboris laborum velit do.,5,5
Mollit sed consectetur cupidatat in ullamco eu.,23,7
Excepteur officia commodo ut occaecat.,8,2
Ullamco exercitation ea dolore commodo.,24,8
Exercitation duis commodo nisi voluptate cupidatat.,27,5
Veniam ex do enim.,18,5
Cupidatat aliquip et aliqua cillum nisi reprehenderit lorem.,13,4
"Sit aute irure consequat, labore enim aliquip esse quis velit minim.",23,10
Mollit adipiscing deserunt culpa sit.,7,5
"Id ad irure sed, minim consectetur lorem proident tempor.",5,7
"Qui ullamco aliqua deserunt ea quis consequat ad, amet ipsum et anim nisi eu cillum.",26,9
Proident sunt culpa deserunt aute tempor sint sit.,8,6
"Exercitation do aliqua tempor incididunt in laboris, et veniam proident duis minim pariatur consectetur.",25,7
Ea lorem occaecat adipiscing est nisi esse sunt.,13,10
Nostrud exercitation culpa ut sed.,27,4
Quis enim ea cillum qui dolore.,1,8
Deserunt velit ea ad sit laborum magna laboris.,19,1
Aute ea cillum labore consectetur incididunt sit exercitation.,23,8
"Consequat in consectetur velit proident, eiusmod laboris amet est mollit excepteur eu, ut laborum adipiscing tempor cupidatat pariatur.",14,4
Cillum ea eiusmod sunt consectetur non consequat reprehenderit.,1,1
"Deserunt adipiscing pariatur sint do sed cupidatat commodo, ex sunt laboris irure labore, aliqua amet cillum ad minim est reprehenderit ullamco.",29,10
"Nostrud irure lorem nulla sunt nisi quis, cillum sint incididunt fugiat sed amet cupidatat.",2,7
In ex voluptate id.,6,2
Tempor sit ad ex ullamco in dolore qui.,28,9
"Velit sint esse non aute, elit qui voluptate ipsum et laboris veniam excepteur.",3,3
"Anim ad eiusmod irure officia deserunt minim, sunt est excepteur aute enim quis consequat.",3,2
"Sit dolore fugiat ut nostrud, est ullamco ad eu reprehenderit.",2,9
Id deserunt nulla eiusmod excepteur ea exercitation enim.,1,9
"Adipiscing exercitation eiusmod dolore, ut tempor est aute ea mollit qui.",4,2
Consequat eu labore nisi ut velit sint veniam.,12,10
Aliqua esse mollit reprehenderit fugiat nostrud qui.,1,8
"Sit incididunt proident sed, sunt excepteur consectetur duis elit dolor ex.",3,8
Deserunt id consequat commodo ad duis.,3,9
In minim eu aute fugiat consectetur sit.,27,1
Cupidatat fugiat ea lorem.,6,9
"Enim occaecat excepteur sed fugiat quis lorem, culpa minim sunt eu esse incididunt.",15,8
Aliquip id irure fugiat minim.,17,2
Exercitation dolor excepteur culpa non ipsum.,4,5
Culpa laborum eu est magna eiusmod mollit.,28,4
Labore irure officia excepteur.,13,1
Non sint aliqua reprehenderit esse fugiat aute consectetur.,3,10
Consequat id irure est minim proident enim.,24,6
"Deserunt magna commodo ullamco incididunt sed, tempor nulla in anim reprehenderit eiusmod, ad sunt amet officia do sit dolore duis.",18,7
Irure est aliquip veniam tempor nostrud nulla.,5,3
Voluptate reprehenderit fugiat sit.,24,8
"Cupidatat velit sit ipsum, reprehenderit ut irure occaecat eiusmod eu lorem amet.",27,10
Quis eiusmod ea reprehenderit.,12,2
Deserunt incididunt amet labore.,12,2
"Incididunt sit sunt lorem esse, anim deserunt proident adipiscing.",13,8
Dolore culpa nostrud ullamco.,19,6
Proident officia et nisi.,1,5
"Incididunt elit mollit ad occaecat, id in lorem magna irure sunt ullamco.",22,7
Laboris reprehenderit enim ea.,30,1
Nisi cupidatat veniam ad.,23,7
"Id pariatur veniam officia ut aute, consequat est excepteur minim commodo deserunt sit, cupidatat magna ea in.",9,3
Sed proident occaecat enim sint ad reprehenderit.,13,5
Velit ex adipiscing labore reprehenderit in.,8,4
Pariatur amet ipsum ut do qui cillum voluptate.,13,8
"Ullamco esse magna dolor cupidatat, id minim exercitation aute.",2,9
In anim exercitation ipsum nisi excepteur.,22,7
"Minim cupidatat in culpa eiusmod occaecat, laborum qui ut adipiscing incididunt est elit.",12,3
Sint quis velit lorem sunt nostrud cillum.,10,3
Enim velit cupidatat eu proident quis.,12,9
Irure sint amet duis commodo deserunt aliqua mollit.,26,7
"Aliquip labore non do ut id ex dolor, ipsum fugiat elit culpa aute officia aliqua laboris.",29,10
"Do consectetur non pariatur, dolore labore incididunt excepteur cillum duis consequat aute.",4,10
"Officia ut excepteur duis amet, id dolore minim eiusmod occaecat.",20,5
"Irure proident esse aute incididunt, nisi eu voluptate pariatur consequat.",29,1
Sint culpa quis exercitation.,28,9
Velit aute cupidatat incididunt cillum culpa veniam.,4,2
Irure labore ullamco ipsum laborum cupidatat.,2,5
"Irure officia consequat do, aliquip occaecat nisi dolore in incididunt ex ea, quis exercitation aute anim commodo laborum proident deserunt.",7,1
"Esse sit cillum elit adipiscing eiusmod ea, proident quis consectetur commodo ex cupidatat qui est, nisi do incididunt et nostrud nulla officia.",21,5
"Veniam laborum ut amet, voluptate ad pariatur cillum.",5,6
Culpa enim ea lorem nisi ex esse.,21,5
"Sint ad cupidatat enim elit pariatur, cillum incididunt sit dolore consequat quis dolor.",15,9
Anim reprehenderit tempor id.,10,8
Duis exercitation nisi esse ex pariatur velit deserunt.,14,3
Eiusmod esse laborum sit.,3,6
"Velit nulla sint tempor, commodo culpa dolore voluptate.",13,8
"Minim consequat ipsum in labore, aute esse commodo enim qui, excepteur lorem non occaecat officia sed fugiat veniam.",6,5
Non nostrud minim pariatur laborum adipiscing esse nulla.,27,2
Dolor minim laboris excepteur consequat.,15,9
Veniam aute eiusmod excepteur laborum.,25,3
"Adipiscing veniam eiusmod sint et culpa pariatur fugiat, est magna ipsum cupidatat ut.",4,7
"Minim non nisi duis incididunt ut consequat, mollit aute aliqua dolore.",15,3
Sed culpa in ullamco ut aliquip nostrud.,8,1
Magna nulla ad cupidatat.,21,6
Officia duis ex ad occaecat.,10,10
"Nulla irure occaecat mollit aliqua quis, consectetur cupidatat aute non fugiat.",17,3
Eu fugiat adipiscing velit excepteur mollit dolor commodo.,17,10
Id et excepteur dolor amet ipsum.,15,1
"Id eiusmod officia sed amet, minim enim non ullamco do.",28,9
"Dolore nostrud sed duis, eiusmod cillum non incididunt, commodo ullamco ad reprehenderit velit ipsum excepteur.",19,9
Eu adipiscing do cillum in commodo et.,19,5
Sunt dolore culpa anim non amet cupidatat.,21,4
Nostrud incididunt consequat culpa fugiat sit ex.,7,9
"Est nulla aliquip velit veniam anim ex, id fugiat voluptate nostrud.",15,7
"Incididunt ad irure pariatur duis, amet ut est ipsum laborum culpa laboris.",9,8
In minim lorem officia exercitation.,9,4
Sunt reprehenderit qui id.,24,9
"Sed proident sint ex consectetur ipsum magna, excepteur do nostrud duis voluptate.",3,7
Ea dolor eu nisi id.,7,10
Velit excepteur ut officia.,15,7
Irure deserunt qui incididunt laborum mollit et consequat.,30,10
"Dolore et velit id labore laborum cillum, irure officia consequat nisi fugiat magna enim, ipsum mollit incididunt eiusmod deserunt commodo.",26,5
"Sunt qui ad aute labore deserunt minim duis, cillum magna sit in eiusmod ut.",29,8
Laboris eu anim ex.,15,2
"Duis veniam lorem sit aliquip commodo nisi irure, ea fugiat pariatur est consequat et, sed nulla voluptate do magna culpa ullamco.",17,5
"Dolore cupidatat id culpa occaecat mollit officia reprehenderit, veniam ea pariatur ex do.",30,8
Dolor cillum fugiat reprehenderit et irure.,29,2
Fugiat nulla incididunt mollit dolore consequat aliqua dolor.,12,9
Aliqua nostrud exercitation labore duis irure.,28,9
